insert into cat(jmbm, name, age, weight, breed, age_enum, gender) values ('0001', 'Paja', 36, 3000, 'RUSKA', 'ODRASLA_MACKA', 'MALE');
insert into cat(jmbm, name, age, weight, breed, age_enum, gender) values ('0002', 'Gaja', 36, 3000, 'RUSKA', 'ODRASLA_MACKA', 'MALE');
insert into cat(jmbm, name, age, weight, breed, age_enum, gender) values ('0003', 'Vlaja', 36, 3000, 'RUSKA', 'ODRASLA_MACKA', 'MALE');
insert into cat(jmbm, name, age, weight, breed, age_enum, gender) values ('0004', 'Soraja', 36, 3000, 'RUSKA', 'ODRASLA_MACKA', 'FEMALE');
insert into cat(jmbm, name, age, weight, breed, age_enum, gender) values ('0005', 'Kica', 36, 3000, 'RUSKA', 'ODRASLA_MACKA', 'MALE');

insert into hospitalized_cat(date, cat_id) values (1654538400000, 1);
insert into hospitalized_cat(date, cat_id) values (1654538400000, 2);
insert into hospitalized_cat(date, cat_id) values (1654538400000, 3);
insert into hospitalized_cat(date, cat_id) values (1654538400000, 4);
insert into hospitalized_cat(date, cat_id) values (1654538400000, 5);

insert into alarm_notification(jmbm, message, notification_type, date_time) values ('0001', 'Ahoi', 'HEART', 1654466400000);
insert into alarm_notification(jmbm, message, notification_type, date_time) values ('0001', 'Ahoi', 'HEART', 1654466400000);
insert into alarm_notification(jmbm, message, notification_type, date_time) values ('0001', 'Ahoi', 'HEART', 1654466400000);
insert into alarm_notification(jmbm, message, notification_type, date_time) values ('0001', 'Ahoi', 'HEART', 1654466400000);
insert into alarm_notification(jmbm, message, notification_type, date_time) values ('0001', 'Ahoi', 'HEART', 1654466400000);
insert into alarm_notification(jmbm, message, notification_type, date_time) values ('0001', 'Ahoi', 'HEART', 1654466400000);
insert into alarm_notification(jmbm, message, notification_type, date_time) values ('0002', 'Ahoi', 'OXYGEN', 1654466400000);
insert into alarm_notification(jmbm, message, notification_type, date_time) values ('0002', 'Ahoi', 'OXYGEN', 1654466400000);
insert into alarm_notification(jmbm, message, notification_type, date_time) values ('0002', 'Ahoi', 'OXYGEN', 1654466400000);
insert into alarm_notification(jmbm, message, notification_type, date_time) values ('0002', 'Ahoi', 'OXYGEN', 1654466400000);
insert into alarm_notification(jmbm, message, notification_type, date_time) values ('0002', 'Ahoi', 'OXYGEN', 1654466400000);
insert into alarm_notification(jmbm, message, notification_type, date_time) values ('0003', 'Ahoi', 'FLUID', 1654466400000);
insert into alarm_notification(jmbm, message, notification_type, date_time) values ('0003', 'Ahoi', 'FLUID', 1654466400000);
insert into alarm_notification(jmbm, message, notification_type, date_time) values ('0003', 'Ahoi', 'FLUID', 1654466400000);
insert into alarm_notification(jmbm, message, notification_type, date_time) values ('0003', 'Ahoi', 'FLUID', 1654466400000);
insert into alarm_notification(jmbm, message, notification_type, date_time) values ('0003', 'Ahoi', 'FLUID', 1654466400000);
